<rspec xmlns="http://www.geni.net/resources/rspec/3" xmlns:emulab="http://www.protogeni.net/resources/rspec/ext/emulab/1" xmlns:tour="http://www.protogeni.net/resources/rspec/ext/apt-tour/1" xmlns:jacks="http://www.protogeni.net/resources/rspec/ext/jacks/1" xmlns:xsi="http://www.w3.org/2001/XMLSchema-instance" xsi:schemaLocation="http://www.geni.net/resources/rspec/3    http://www.geni.net/resources/rspec/3/request.xsd" type="request">
<node xmlns="http://www.geni.net/resources/rspec/3" client_id="node2-2" component_manager_id="urn:publicid:IDN+geni.it.cornell.edu+authority+cm">
<icon xmlns="http://www.protogeni.net/resources/rspec/ext/jacks/1" url="https://portal.geni.net/images/VM-noTxt-centered.svg"/>
<sliver_type xmlns="http://www.geni.net/resources/rspec/3" name="default-vm"/>
<services xmlns="http://www.geni.net/resources/rspec/3"/>

<interface xmlns="http://www.geni.net/resources/rspec/3" client_id="interface-5"/>
</node>
<node xmlns="http://www.geni.net/resources/rspec/3" client_id="node2-1" component_manager_id="urn:publicid:IDN+geni.it.cornell.edu+authority+cm">
<icon xmlns="http://www.protogeni.net/resources/rspec/ext/jacks/1" url="https://portal.geni.net/images/VM-noTxt-centered.svg"/>
<sliver_type xmlns="http://www.geni.net/resources/rspec/3" name="default-vm"/>
<services xmlns="http://www.geni.net/resources/rspec/3"/>

<interface xmlns="http://www.geni.net/resources/rspec/3" client_id="interface-3"/>
</node>
<node xmlns="http://www.geni.net/resources/rspec/3" client_id="router2" component_manager_id="urn:publicid:IDN+geni.it.cornell.edu+authority+cm">
<icon xmlns="http://www.protogeni.net/resources/rspec/ext/jacks/1" url="https://portal.geni.net/images/VM-noTxt-centered.svg"/>
<sliver_type xmlns="http://www.geni.net/resources/rspec/3" name="default-vm"/>
<services xmlns="http://www.geni.net/resources/rspec/3"/>
<interface xmlns="http://www.geni.net/resources/rspec/3" client_id="interface-2"/>
<interface xmlns="http://www.geni.net/resources/rspec/3" client_id="interface-4"/>
<interface xmlns="http://www.geni.net/resources/rspec/3" client_id="interface-20">
<ip xmlns="http://www.geni.net/resources/rspec/3" address="10.1.0.1" type="ipv4" netmask="255.255.255.0"/>
</interface>
<interface xmlns="http://www.geni.net/resources/rspec/3" client_id="interface-23">
<ip xmlns="http://www.geni.net/resources/rspec/3" address="10.1.6.2" type="ipv4" netmask="255.255.255.0"/>
</interface>
</node>
<node xmlns="http://www.geni.net/resources/rspec/3" client_id="router1" component_manager_id="urn:publicid:IDN+instageni.illinois.edu+authority+cm">
<icon xmlns="http://www.protogeni.net/resources/rspec/ext/jacks/1" url="https://portal.geni.net/images/VM-noTxt-centered.svg"/>
<sliver_type xmlns="http://www.geni.net/resources/rspec/3" name="default-vm"/>
<services xmlns="http://www.geni.net/resources/rspec/3"/>
<interface xmlns="http://www.geni.net/resources/rspec/3" client_id="interface-6"/>
<interface xmlns="http://www.geni.net/resources/rspec/3" client_id="interface-10"/>
<interface xmlns="http://www.geni.net/resources/rspec/3" client_id="interface-18">
<ip xmlns="http://www.geni.net/resources/rspec/3" address="10.0.250.1" type="ipv4" netmask="255.255.255.0"/>
</interface>
<interface xmlns="http://www.geni.net/resources/rspec/3" client_id="interface-22">
<ip xmlns="http://www.geni.net/resources/rspec/3" address="10.1.6.1" type="ipv4" netmask="255.255.255.0"/>
</interface>
</node>
<node xmlns="http://www.geni.net/resources/rspec/3" client_id="node1-1" component_manager_id="urn:publicid:IDN+instageni.illinois.edu+authority+cm">
<icon xmlns="http://www.protogeni.net/resources/rspec/ext/jacks/1" url="https://portal.geni.net/images/VM-noTxt-centered.svg"/>
<sliver_type xmlns="http://www.geni.net/resources/rspec/3" name="default-vm"/>
<services xmlns="http://www.geni.net/resources/rspec/3"/>
<interface xmlns="http://www.geni.net/resources/rspec/3" client_id="interface-7"/>

</node>
<node xmlns="http://www.geni.net/resources/rspec/3" client_id="node1-2" component_manager_id="urn:publicid:IDN+instageni.illinois.edu+authority+cm">
<icon xmlns="http://www.protogeni.net/resources/rspec/ext/jacks/1" url="https://portal.geni.net/images/VM-noTxt-centered.svg"/>
<sliver_type xmlns="http://www.geni.net/resources/rspec/3" name="default-vm"/>
<services xmlns="http://www.geni.net/resources/rspec/3"/>

<interface xmlns="http://www.geni.net/resources/rspec/3" client_id="interface-11"/>
</node>
<node xmlns="http://www.geni.net/resources/rspec/3" client_id="router3" component_manager_id="urn:publicid:IDN+instageni.idre.ucla.edu+authority+cm">
<icon xmlns="http://www.protogeni.net/resources/rspec/ext/jacks/1" url="https://portal.geni.net/images/VM-noTxt-centered.svg"/>
<sliver_type xmlns="http://www.geni.net/resources/rspec/3" name="default-vm"/>
<services xmlns="http://www.geni.net/resources/rspec/3"/>
<interface xmlns="http://www.geni.net/resources/rspec/3" client_id="interface-13"/>
<interface xmlns="http://www.geni.net/resources/rspec/3" client_id="interface-17"/>
<interface xmlns="http://www.geni.net/resources/rspec/3" client_id="interface-19">
<ip xmlns="http://www.geni.net/resources/rspec/3" address="10.0.250.2" type="ipv4" netmask="255.255.255.0"/>
</interface>
<interface xmlns="http://www.geni.net/resources/rspec/3" client_id="interface-21">
<ip xmlns="http://www.geni.net/resources/rspec/3" address="10.1.0.2" type="ipv4" netmask="255.255.255.0"/>
</interface>
</node>
<node xmlns="http://www.geni.net/resources/rspec/3" client_id="node3-2" component_manager_id="urn:publicid:IDN+instageni.idre.ucla.edu+authority+cm">
<icon xmlns="http://www.protogeni.net/resources/rspec/ext/jacks/1" url="https://portal.geni.net/images/VM-noTxt-centered.svg"/>
<sliver_type xmlns="http://www.geni.net/resources/rspec/3" name="default-vm"/>
<services xmlns="http://www.geni.net/resources/rspec/3"/>
<interface xmlns="http://www.geni.net/resources/rspec/3" client_id="interface-12"/>

</node>
<node xmlns="http://www.geni.net/resources/rspec/3" client_id="node3-1" component_manager_id="urn:publicid:IDN+instageni.idre.ucla.edu+authority+cm">
<icon xmlns="http://www.protogeni.net/resources/rspec/ext/jacks/1" url="https://portal.geni.net/images/VM-noTxt-centered.svg"/>
<sliver_type xmlns="http://www.geni.net/resources/rspec/3" name="default-vm"/>
<services xmlns="http://www.geni.net/resources/rspec/3"/>

<interface xmlns="http://www.geni.net/resources/rspec/3" client_id="interface-16"/>
</node>
<link xmlns="http://www.geni.net/resources/rspec/3" client_id="link-1">
<interface_ref xmlns="http://www.geni.net/resources/rspec/3" client_id="interface-2"/>
<interface_ref xmlns="http://www.geni.net/resources/rspec/3" client_id="interface-3"/>
<component_manager xmlns="http://www.geni.net/resources/rspec/3" name="urn:publicid:IDN+geni.it.cornell.edu+authority+cm"/>
</link>
<link xmlns="http://www.geni.net/resources/rspec/3" client_id="link-2">
<interface_ref xmlns="http://www.geni.net/resources/rspec/3" client_id="interface-4"/>
<interface_ref xmlns="http://www.geni.net/resources/rspec/3" client_id="interface-5"/>
<component_manager xmlns="http://www.geni.net/resources/rspec/3" name="urn:publicid:IDN+geni.it.cornell.edu+authority+cm"/>
</link>
<link xmlns="http://www.geni.net/resources/rspec/3" client_id="link-3">
<interface_ref xmlns="http://www.geni.net/resources/rspec/3" client_id="interface-6"/>
<interface_ref xmlns="http://www.geni.net/resources/rspec/3" client_id="interface-7"/>
<component_manager xmlns="http://www.geni.net/resources/rspec/3" name="urn:publicid:IDN+instageni.illinois.edu+authority+cm"/>
</link>
<link xmlns="http://www.geni.net/resources/rspec/3" client_id="link-5">
<interface_ref xmlns="http://www.geni.net/resources/rspec/3" client_id="interface-10"/>
<interface_ref xmlns="http://www.geni.net/resources/rspec/3" client_id="interface-11"/>
<component_manager xmlns="http://www.geni.net/resources/rspec/3" name="urn:publicid:IDN+instageni.illinois.edu+authority+cm"/>
</link>
<link xmlns="http://www.geni.net/resources/rspec/3" client_id="link-6">
<interface_ref xmlns="http://www.geni.net/resources/rspec/3" client_id="interface-12"/>
<interface_ref xmlns="http://www.geni.net/resources/rspec/3" client_id="interface-13"/>
<component_manager xmlns="http://www.geni.net/resources/rspec/3" name="urn:publicid:IDN+instageni.idre.ucla.edu+authority+cm"/>
</link>
<link xmlns="http://www.geni.net/resources/rspec/3" client_id="link-8">
<interface_ref xmlns="http://www.geni.net/resources/rspec/3" client_id="interface-16"/>
<interface_ref xmlns="http://www.geni.net/resources/rspec/3" client_id="interface-17"/>
<component_manager xmlns="http://www.geni.net/resources/rspec/3" name="urn:publicid:IDN+instageni.idre.ucla.edu+authority+cm"/>
</link>
<link xmlns="http://www.geni.net/resources/rspec/3" client_id="link-9">
<link_type xmlns="http://www.geni.net/resources/rspec/3" name="egre-tunnel"/>
<interface_ref xmlns="http://www.geni.net/resources/rspec/3" client_id="interface-18"/>
<interface_ref xmlns="http://www.geni.net/resources/rspec/3" client_id="interface-19"/>
<component_manager xmlns="http://www.geni.net/resources/rspec/3" name="urn:publicid:IDN+instageni.illinois.edu+authority+cm"/>
<component_manager xmlns="http://www.geni.net/resources/rspec/3" name="urn:publicid:IDN+instageni.idre.ucla.edu+authority+cm"/>
</link>
<link xmlns="http://www.geni.net/resources/rspec/3" client_id="link-10">
<link_type xmlns="http://www.geni.net/resources/rspec/3" name="egre-tunnel"/>
<interface_ref xmlns="http://www.geni.net/resources/rspec/3" client_id="interface-20"/>
<interface_ref xmlns="http://www.geni.net/resources/rspec/3" client_id="interface-21"/>
<component_manager xmlns="http://www.geni.net/resources/rspec/3" name="urn:publicid:IDN+geni.it.cornell.edu+authority+cm"/>
<component_manager xmlns="http://www.geni.net/resources/rspec/3" name="urn:publicid:IDN+instageni.idre.ucla.edu+authority+cm"/>
</link>
<link xmlns="http://www.geni.net/resources/rspec/3" client_id="link-11">
<link_type xmlns="http://www.geni.net/resources/rspec/3" name="egre-tunnel"/>
<interface_ref xmlns="http://www.geni.net/resources/rspec/3" client_id="interface-22"/>
<interface_ref xmlns="http://www.geni.net/resources/rspec/3" client_id="interface-23"/>
<component_manager xmlns="http://www.geni.net/resources/rspec/3" name="urn:publicid:IDN+instageni.illinois.edu+authority+cm"/>
<component_manager xmlns="http://www.geni.net/resources/rspec/3" name="urn:publicid:IDN+geni.it.cornell.edu+authority+cm"/>
</link>
</rspec>